country,country_code_2_digit,country_code_3_digit,population,reported_year_week,reported_week_start_date,reported_week_end_date,new_hospital_occupancy_count,new_icu_occupancy_count,source
Belgium,BE,BEL,11455519,2020-W43,2020-10-18,2020-10-24,28,,"TESSy COVID-19, national weekly data"
Czechia,CZ,CZE,10649800,2020-W43,2020-10-18,2020-10-24,81,14,"TESSy COVID-19, national weekly data"
Denmark,DK,DNK,5806081,2020-W43,2020-10-18,2020-10-24,2,,
Estonia,EE,EST,1324820,2020-W43,2020-10-18,2020-10-24,,0,"TESSy COVID-19, national weekly data"
France,FR,FRA,67012883,2020-W43,2020-10-18,2020-10-24,,2,
Greece,EL,GRC,10724599,2020-W43,2020-10-18,2020-10-24,,0,"TESSy COVID-19, national weekly data"
Iceland,IS,ISL,356991,2020-W43,2020-10-18,2020-10-24,14,,"TESSy COVID-19, national weekly data"
Ireland,IE,IRL,4904240,2020-W43,2020-10-18,2020-10-24,4,0,
Latvia,LV,LVA,1919968,2020-W43,2020-10-18,2020-10-24,6,0,"TESSy COVID-19, national weekly data"
Netherlands,NL,NLD,17282163,2020-W43,2020-10-18,2020-10-24,,1,
Netherlands,NL,NLD,17282163,2020-W43,2020-10-18,2020-10-24,2,,"TESSy COVID-19, national daily data"
Portugal,PT,PRT,10276617,2020-W43,2020-10-18,2020-10-24,2,,"TESSy COVID-19, national daily data"
Romania,RO,ROU,19414458,2020-W43,2020-10-18,2020-10-24,136,,"TESSy COVID-19, national weekly data"
Slovenia,SI,SVN,2080908,2020-W43,2020-10-18,2020-10-24,7,,"TESSy COVID-19, national weekly data"
Spain,ES,ESP,46937060,2020-W43,2020-10-18,2020-10-24,6,0,"TESSy COVID-19, national weekly data"
Sweden,SE,SWE,10230185,2020-W43,2020-10-18,2020-10-24,,0,
United Kingdom,UK,GBR,66647112,2020-W43,2020-10-18,2020-10-24,10,,
Belgium,BE,BEL,11455519,2020-W42,2020-10-11,2020-10-17,15,,"TESSy COVID-19, national weekly data"
Croatia,HR,HRV,4076246,2020-W42,2020-10-11,2020-10-17,12,,
Cyprus,CY,CYP,875899,2020-W42,2020-10-11,2020-10-17,2,0,"TESSy COVID-19, national daily data"
Czechia,CZ,CZE,10649800,2020-W42,2020-10-11,2020-10-17,53,10,"TESSy COVID-19, national weekly data"
Denmark,DK,DNK,5806081,2020-W42,2020-10-11,2020-10-17,2,,
Estonia,EE,EST,1324820,2020-W42,2020-10-11,2020-10-17,,0,"TESSy COVID-19, national weekly data"
Estonia,EE,EST,1324820,2020-W42,2020-10-11,2020-10-17,0,,"TESSy COVID-19, national daily data"
France,FR,FRA,67012883,2020-W42,2020-10-11,2020-10-17,,2,
Greece,EL,GRC,10724599,2020-W42,2020-10-11,2020-10-17,,0,"TESSy COVID-19, national weekly data"
Iceland,IS,ISL,356991,2020-W42,2020-10-11,2020-10-17,4,,"TESSy COVID-19, national weekly data"
Ireland,IE,IRL,4904240,2020-W42,2020-10-11,2020-10-17,3,0,
Latvia,LV,LVA,1919968,2020-W42,2020-10-11,2020-10-17,2,0,"TESSy COVID-19, national weekly data"
Netherlands,NL,NLD,17282163,2020-W42,2020-10-11,2020-10-17,2,,"TESSy COVID-19, national daily data"
Netherlands,NL,NLD,17282163,2020-W42,2020-10-11,2020-10-17,,1,
Portugal,PT,PRT,10276617,2020-W42,2020-10-11,2020-10-17,2,,"TESSy COVID-19, national daily data"
Romania,RO,ROU,19414458,2020-W42,2020-10-11,2020-10-17,118,,"TESSy COVID-19, national weekly data"
Slovenia,SI,SVN,2080908,2020-W42,2020-10-11,2020-10-17,7,,"TESSy COVID-19, national weekly data"
Spain,ES,ESP,46937060,2020-W42,2020-10-11,2020-10-17,9,0,"TESSy COVID-19, national weekly data"
Sweden,SE,SWE,10230185,2020-W42,2020-10-11,2020-10-17,,0,
United Kingdom,UK,GBR,66647112,2020-W42,2020-10-11,2020-10-17,10,,
Belgium,BE,BEL,11455519,2020-W41,2020-10-04,2020-10-10,7,,"TESSy COVID-19, national weekly data"
Croatia,HR,HRV,4076246,2020-W41,2020-10-04,2020-10-10,8,,
Cyprus,CY,CYP,875899,2020-W41,2020-10-04,2020-10-10,0,,"TESSy COVID-19, national daily data"
Czechia,CZ,CZE,10649800,2020-W41,2020-10-04,2020-10-10,32,7,"TESSy COVID-19, national weekly data"
Denmark,DK,DNK,5806081,2020-W41,2020-10-04,2020-10-10,1,,
Estonia,EE,EST,1324820,2020-W41,2020-10-04,2020-10-10,,0,"TESSy COVID-19, national weekly data"
Estonia,EE,EST,1324820,2020-W41,2020-10-04,2020-10-10,0,,"TESSy COVID-19, national daily data"
France,FR,FRA,67012883,2020-W41,2020-10-04,2020-10-10,,1,
Greece,EL,GRC,10724599,2020-W41,2020-10-04,2020-10-10,,0,"TESSy COVID-19, national weekly data"
Iceland,IS,ISL,356991,2020-W41,2020-10-04,2020-10-10,6,,"TESSy COVID-19, national weekly data"
Ireland,IE,IRL,4904240,2020-W41,2020-10-04,2020-10-10,2,0,
Latvia,LV,LVA,1919968,2020-W41,2020-10-04,2020-10-10,2,0,"TESSy COVID-19, national weekly data"
Netherlands,NL,NLD,17282163,2020-W41,2020-10-04,2020-10-10,,1,
Netherlands,NL,NLD,17282163,2020-W41,2020-10-04,2020-10-10,2,,"TESSy COVID-19, national daily data"
Portugal,PT,PRT,10276617,2020-W41,2020-10-04,2020-10-10,1,,"TESSy COVID-19, national daily data"
Romania,RO,ROU,19414458,2020-W41,2020-10-04,2020-10-10,94,,"TESSy COVID-19, national weekly data"
Slovenia,SI,SVN,2080908,2020-W41,2020-10-04,2020-10-10,4,,"TESSy COVID-19, national weekly data"
Spain,ES,ESP,46937060,2020-W41,2020-10-04,2020-10-10,9,0,"TESSy COVID-19, national weekly data"
Sweden,SE,SWE,10230185,2020-W41,2020-10-04,2020-10-10,,0,
United Kingdom,UK,GBR,66647112,2020-W41,2020-10-04,2020-10-10,7,,
Belgium,BE,BEL,11455519,2020-W40,2020-09-27,2020-10-03,4,,"TESSy COVID-19, national weekly data"
Croatia,HR,HRV,4076246,2020-W40,2020-09-27,2020-10-03,5,,
Cyprus,CY,CYP,875899,2020-W40,2020-09-27,2020-10-03,0,0,"TESSy COVID-19, national daily data"
Czechia,CZ,CZE,10649800,2020-W40,2020-09-27,2020-10-03,19,4,"TESSy COVID-19, national weekly data"
Denmark,DK,DNK,5806081,2020-W40,2020-09-27,2020-10-03,2,,
Estonia,EE,EST,1324820,2020-W40,2020-09-27,2020-10-03,,0,"TESSy COVID-19, national weekly data"
Estonia,EE,EST,1324820,2020-W40,2020-09-27,2020-10-03,1,,"TESSy COVID-19, national daily data"
France,FR,FRA,67012883,2020-W40,2020-09-27,2020-10-03,,1,
Germany,DE,DEU,83019213,2020-W40,2020-09-27,2020-10-03,0,,"TESSy COVID-19, national daily data"
Greece,EL,GRC,10724599,2020-W40,2020-09-27,2020-10-03,,0,"TESSy COVID-19, national weekly data"
Iceland,IS,ISL,356991,2020-W40,2020-09-27,2020-10-03,4,,"TESSy COVID-19, national weekly data"
Ireland,IE,IRL,4904240,2020-W40,2020-09-27,2020-10-03,1,0,
Latvia,LV,LVA,1919968,2020-W40,2020-09-27,2020-10-03,1,0,"TESSy COVID-19, national weekly data"
Netherlands,NL,NLD,17282163,2020-W40,2020-09-27,2020-10-03,1,,"TESSy COVID-19, national daily data"
Netherlands,NL,NLD,17282163,2020-W40,2020-09-27,2020-10-03,,0,
Portugal,PT,PRT,10276617,2020-W40,2020-09-27,2020-10-03,1,,"TESSy COVID-19, national daily data"
Romania,RO,ROU,19414458,2020-W40,2020-09-27,2020-10-03,54,,"TESSy COVID-19, national weekly data"
Slovenia,SI,SVN,2080908,2020-W40,2020-09-27,2020-10-03,2,,"TESSy COVID-19, national weekly data"
Spain,ES,ESP,46937060,2020-W40,2020-09-27,2020-10-03,7,0,"TESSy COVID-19, national weekly data"
Sweden,SE,SWE,10230185,2020-W40,2020-09-27,2020-10-03,,0,
United Kingdom,UK,GBR,66647112,2020-W40,2020-09-27,2020-10-03,5,,
Belgium,BE,BEL,11455519,2020-W39,2020-09-20,2020-09-26,3,,"TESSy COVID-19, national weekly data"
Croatia,HR,HRV,4076246,2020-W39,2020-09-20,2020-09-26,5,,
Cyprus,CY,CYP,875899,2020-W39,2020-09-20,2020-09-26,1,0,"TESSy COVID-19, national daily data"
Czechia,CZ,CZE,10649800,2020-W39,2020-09-20,2020-09-26,12,3,"TESSy COVID-19, national weekly data"
Denmark,DK,DNK,5806081,2020-W39,2020-09-20,2020-09-26,2,,
Estonia,EE,EST,1324820,2020-W39,2020-09-20,2020-09-26,1,,"TESSy COVID-19, national daily data"
Estonia,EE,EST,1324820,2020-W39,2020-09-20,2020-09-26,,0,"TESSy COVID-19, national weekly data"
France,FR,FRA,67012883,2020-W39,2020-09-20,2020-09-26,,1,
Germany,DE,DEU,83019213,2020-W39,2020-09-20,2020-09-26,0,,"TESSy COVID-19, national daily data"
Greece,EL,GRC,10724599,2020-W39,2020-09-20,2020-09-26,,0,"TESSy COVID-19, national weekly data"
Ireland,IE,IRL,4904240,2020-W39,2020-09-20,2020-09-26,1,0,
Latvia,LV,LVA,1919968,2020-W39,2020-09-20,2020-09-26,0,0,"TESSy COVID-19, national weekly data"
Netherlands,NL,NLD,17282163,2020-W39,2020-09-20,2020-09-26,,0,
Netherlands,NL,NLD,17282163,2020-W39,2020-09-20,2020-09-26,1,,"TESSy COVID-19, national daily data"
Portugal,PT,PRT,10276617,2020-W39,2020-09-20,2020-09-26,1,,"TESSy COVID-19, national daily data"
Romania,RO,ROU,19414458,2020-W39,2020-09-20,2020-09-26,48,,"TESSy COVID-19, national weekly data"
Slovenia,SI,SVN,2080908,2020-W39,2020-09-20,2020-09-26,2,,"TESSy COVID-19, national weekly data"
Spain,ES,ESP,46937060,2020-W39,2020-09-20,2020-09-26,8,0,"TESSy COVID-19, national weekly data"
Sweden,SE,SWE,10230185,2020-W39,2020-09-20,2020-09-26,,0,
United Kingdom,UK,GBR,66647112,2020-W39,2020-09-20,2020-09-26,3,,
Belgium,BE,BEL,11455519,2020-W38,2020-09-13,2020-09-19,2,,"TESSy COVID-19, national weekly data"
Croatia,HR,HRV,4076246,2020-W38,2020-09-13,2020-09-19,4,,
Cyprus,CY,CYP,875899,2020-W38,2020-09-13,2020-09-19,0,,"TESSy COVID-19, national daily data"
Czechia,CZ,CZE,10649800,2020-W38,2020-09-13,2020-09-19,8,1,"TESSy COVID-19, national weekly data"
Denmark,DK,DNK,5806081,2020-W38,2020-09-13,2020-09-19,2,,
Estonia,EE,EST,1324820,2020-W38,2020-09-13,2020-09-19,1,,"TESSy COVID-19, national daily data"
Estonia,EE,EST,1324820,2020-W38,2020-09-13,2020-09-19,,0,"TESSy COVID-19, national weekly data"
France,FR,FRA,67012883,2020-W38,2020-09-13,2020-09-19,,0,
Germany,DE,DEU,83019213,2020-W38,2020-09-13,2020-09-19,0,,"TESSy COVID-19, national daily data"
Greece,EL,GRC,10724599,2020-W38,2020-09-13,2020-09-19,,0,"TESSy COVID-19, national weekly data"
Ireland,IE,IRL,4904240,2020-W38,2020-09-13,2020-09-19,0,0,
Latvia,LV,LVA,1919968,2020-W38,2020-09-13,2020-09-19,0,0,"TESSy COVID-19, national weekly data"
Netherlands,NL,NLD,17282163,2020-W38,2020-09-13,2020-09-19,1,,"TESSy COVID-19, national daily data"
Netherlands,NL,NLD,17282163,2020-W38,2020-09-13,2020-09-19,,0,
Portugal,PT,PRT,10276617,2020-W38,2020-09-13,2020-09-19,1,,"TESSy COVID-19, national daily data"
Romania,RO,ROU,19414458,2020-W38,2020-09-13,2020-09-19,44,,"TESSy COVID-19, national weekly data"
Slovenia,SI,SVN,2080908,2020-W38,2020-09-13,2020-09-19,1,,"TESSy COVID-19, national weekly data"
Spain,ES,ESP,46937060,2020-W38,2020-09-13,2020-09-19,8,0,"TESSy COVID-19, national weekly data"
Sweden,SE,SWE,10230185,2020-W38,2020-09-13,2020-09-19,,0,
United Kingdom,UK,GBR,66647112,2020-W38,2020-09-13,2020-09-19,2,,
Belgium,BE,BEL,11455519,2020-W37,2020-09-06,2020-09-12,1,,"TESSy COVID-19, national weekly data"
Croatia,HR,HRV,4076246,2020-W37,2020-09-06,2020-09-12,5,,
Cyprus,CY,CYP,875899,2020-W37,2020-09-06,2020-09-12,0,,"TESSy COVID-19, national daily data"
Czechia,CZ,CZE,10649800,2020-W37,2020-09-06,2020-09-12,4,1,"TESSy COVID-19, national weekly data"
Denmark,DK,DNK,5806081,2020-W37,2020-09-06,2020-09-12,1,,
Estonia,EE,EST,1324820,2020-W37,2020-09-06,2020-09-12,,0,"TESSy COVID-19, national weekly data"
Estonia,EE,EST,1324820,2020-W37,2020-09-06,2020-09-12,0,,"TESSy COVID-19, national daily data"
France,FR,FRA,67012883,2020-W37,2020-09-06,2020-09-12,,0,
Germany,DE,DEU,83019213,2020-W37,2020-09-06,2020-09-12,0,,"TESSy COVID-19, national daily data"
Greece,EL,GRC,10724599,2020-W37,2020-09-06,2020-09-12,,0,"TESSy COVID-19, national weekly data"
Ireland,IE,IRL,4904240,2020-W37,2020-09-06,2020-09-12,0,0,
Latvia,LV,LVA,1919968,2020-W37,2020-09-06,2020-09-12,0,0,"TESSy COVID-19, national weekly data"
Netherlands,NL,NLD,17282163,2020-W37,2020-09-06,2020-09-12,,0,
Netherlands,NL,NLD,17282163,2020-W37,2020-09-06,2020-09-12,0,,"TESSy COVID-19, national daily data"
Portugal,PT,PRT,10276617,2020-W37,2020-09-06,2020-09-12,1,,"TESSy COVID-19, national daily data"
Romania,RO,ROU,19414458,2020-W37,2020-09-06,2020-09-12,40,,"TESSy COVID-19, national weekly data"
Slovenia,SI,SVN,2080908,2020-W37,2020-09-06,2020-09-12,1,,"TESSy COVID-19, national weekly data"
Spain,ES,ESP,46937060,2020-W37,2020-09-06,2020-09-12,8,0,"TESSy COVID-19, national weekly data"
Sweden,SE,SWE,10230185,2020-W37,2020-09-06,2020-09-12,,0,
United Kingdom,UK,GBR,66647112,2020-W37,2020-09-06,2020-09-12,2,,
Belgium,BE,BEL,11455519,2020-W36,2020-08-30,2020-09-05,1,,"TESSy COVID-19, national weekly data"
Croatia,HR,HRV,4076246,2020-W36,2020-08-30,2020-09-05,5,,
Cyprus,CY,CYP,875899,2020-W36,2020-08-30,2020-09-05,0,,"TESSy COVID-19, national daily data"
Czechia,CZ,CZE,10649800,2020-W36,2020-08-30,2020-09-05,3,0,"TESSy COVID-19, national weekly data"
Denmark,DK,DNK,5806081,2020-W36,2020-08-30,2020-09-05,0,,
Estonia,EE,EST,1324820,2020-W36,2020-08-30,2020-09-05,0,,"TESSy COVID-19, national daily data"
Estonia,EE,EST,1324820,2020-W36,2020-08-30,2020-09-05,,0,"TESSy COVID-19, national weekly data"
France,FR,FRA,67012883,2020-W36,2020-08-30,2020-09-05,,0,
Germany,DE,DEU,83019213,2020-W36,2020-08-30,2020-09-05,0,,"TESSy COVID-19, national daily data"
Greece,EL,GRC,10724599,2020-W36,2020-08-30,2020-09-05,,0,"TESSy COVID-19, national weekly data"
Ireland,IE,IRL,4904240,2020-W36,2020-08-30,2020-09-05,0,0,
Latvia,LV,LVA,1919968,2020-W36,2020-08-30,2020-09-05,0,0,"TESSy COVID-19, national weekly data"
Netherlands,NL,NLD,17282163,2020-W36,2020-08-30,2020-09-05,0,,"TESSy COVID-19, national daily data"
Netherlands,NL,NLD,17282163,2020-W36,2020-08-30,2020-09-05,,0,
Portugal,PT,PRT,10276617,2020-W36,2020-08-30,2020-09-05,1,,"TESSy COVID-19, national daily data"
Romania,RO,ROU,19414458,2020-W36,2020-08-30,2020-09-05,41,,"TESSy COVID-19, national weekly data"
Slovenia,SI,SVN,2080908,2020-W36,2020-08-30,2020-09-05,0,,"TESSy COVID-19, national weekly data"
Spain,ES,ESP,46937060,2020-W36,2020-08-30,2020-09-05,8,0,"TESSy COVID-19, national weekly data"
Sweden,SE,SWE,10230185,2020-W36,2020-08-30,2020-09-05,,0,
United Kingdom,UK,GBR,66647112,2020-W36,2020-08-30,2020-09-05,1,,
Belgium,BE,BEL,11455519,2020-W35,2020-08-23,2020-08-29,0,,"TESSy COVID-19, national weekly data"
Croatia,HR,HRV,4076246,2020-W35,2020-08-23,2020-08-29,4,,
Cyprus,CY,CYP,875899,2020-W35,2020-08-23,2020-08-29,0,,"TESSy COVID-19, national daily data"
Czechia,CZ,CZE,10649800,2020-W35,2020-08-23,2020-08-29,2,0,"TESSy COVID-19, national weekly data"
Denmark,DK,DNK,5806081,2020-W35,2020-08-23,2020-08-29,0,,
Estonia,EE,EST,1324820,2020-W35,2020-08-23,2020-08-29,0,,"TESSy COVID-19, national daily data"
Estonia,EE,EST,1324820,2020-W35,2020-08-23,2020-08-29,,0,"TESSy COVID-19, national weekly data"
France,FR,FRA,67012883,2020-W35,2020-08-23,2020-08-29,,0,
Germany,DE,DEU,83019213,2020-W35,2020-08-23,2020-08-29,0,,"TESSy COVID-19, national daily data"
Greece,EL,GRC,10724599,2020-W35,2020-08-23,2020-08-29,,0,"TESSy COVID-19, national weekly data"
Ireland,IE,IRL,4904240,2020-W35,2020-08-23,2020-08-29,0,0,
Latvia,LV,LVA,1919968,2020-W35,2020-08-23,2020-08-29,0,0,"TESSy COVID-19, national weekly data"
Netherlands,NL,NLD,17282163,2020-W35,2020-08-23,2020-08-29,0,,"TESSy COVID-19, national daily data"
Netherlands,NL,NLD,17282163,2020-W35,2020-08-23,2020-08-29,,0,
Portugal,PT,PRT,10276617,2020-W35,2020-08-23,2020-08-29,0,,"TESSy COVID-19, national daily data"
Romania,RO,ROU,19414458,2020-W35,2020-08-23,2020-08-29,39,,"TESSy COVID-19, national weekly data"
Slovenia,SI,SVN,2080908,2020-W35,2020-08-23,2020-08-29,0,,"TESSy COVID-19, national weekly data"
Spain,ES,ESP,46937060,2020-W35,2020-08-23,2020-08-29,7,0,"TESSy COVID-19, national weekly data"
Sweden,SE,SWE,10230185,2020-W35,2020-08-23,2020-08-29,,0,
United Kingdom,UK,GBR,66647112,2020-W35,2020-08-23,2020-08-29,1,,
Belgium,BE,BEL,11455519,2020-W34,2020-08-16,2020-08-22,1,,"TESSy COVID-19, national weekly data"
Croatia,HR,HRV,4076246,2020-W34,2020-08-16,2020-08-22,2,,
Cyprus,CY,CYP,875899,2020-W34,2020-08-16,2020-08-22,0,,"TESSy COVID-19, national daily data"
Czechia,CZ,CZE,10649800,2020-W34,2020-08-16,2020-08-22,1,0,"TESSy COVID-19, national weekly data"
Denmark,DK,DNK,5806081,2020-W34,2020-08-16,2020-08-22,0,,
Estonia,EE,EST,1324820,2020-W34,2020-08-16,2020-08-22,0,,"TESSy COVID-19, national daily data"
Estonia,EE,EST,1324820,2020-W34,2020-08-16,2020-08-22,,0,"TESSy COVID-19, national weekly data"
France,FR,FRA,67012883,2020-W34,2020-08-16,2020-08-22,,0,
Germany,DE,DEU,83019213,2020-W34,2020-08-16,2020-08-22,0,,"TESSy COVID-19, national daily data"
Greece,EL,GRC,10724599,2020-W34,2020-08-16,2020-08-22,,0,"TESSy COVID-19, national weekly data"
Ireland,IE,IRL,4904240,2020-W34,2020-08-16,2020-08-22,0,0,
Latvia,LV,LVA,1919968,2020-W34,2020-08-16,2020-08-22,0,0,"TESSy COVID-19, national weekly data"
Netherlands,NL,NLD,17282163,2020-W34,2020-08-16,2020-08-22,,0,
Netherlands,NL,NLD,17282163,2020-W34,2020-08-16,2020-08-22,0,,"TESSy COVID-19, national daily data"
Portugal,PT,PRT,10276617,2020-W34,2020-08-16,2020-08-22,0,,"TESSy COVID-19, national daily data"
Romania,RO,ROU,19414458,2020-W34,2020-08-16,2020-08-22,39,,"TESSy COVID-19, national weekly data"
Slovenia,SI,SVN,2080908,2020-W34,2020-08-16,2020-08-22,0,,"TESSy COVID-19, national weekly data"
Spain,ES,ESP,46937060,2020-W34,2020-08-16,2020-08-22,6,0,"TESSy COVID-19, national weekly data"
Sweden,SE,SWE,10230185,2020-W34,2020-08-16,2020-08-22,,0,
United Kingdom,UK,GBR,66647112,2020-W34,2020-08-16,2020-08-22,1,,
Belgium,BE,BEL,11455519,2020-W33,2020-08-09,2020-08-15,2,,"TESSy COVID-19, national weekly data"
Croatia,HR,HRV,4076246,2020-W33,2020-08-09,2020-08-15,1,,
Cyprus,CY,CYP,875899,2020-W33,2020-08-09,2020-08-15,0,,"TESSy COVID-19, national daily data"
Czechia,CZ,CZE,10649800,2020-W33,2020-08-09,2020-08-15,1,0,"TESSy COVID-19, national weekly data"
Denmark,DK,DNK,5806081,2020-W33,2020-08-09,2020-08-15,0,,
Estonia,EE,EST,1324820,2020-W33,2020-08-09,2020-08-15,,0,"TESSy COVID-19, national weekly data"
Estonia,EE,EST,1324820,2020-W33,2020-08-09,2020-08-15,0,,"TESSy COVID-19, national daily data"
France,FR,FRA,67012883,2020-W33,2020-08-09,2020-08-15,,0,
Germany,DE,DEU,83019213,2020-W33,2020-08-09,2020-08-15,0,,"TESSy COVID-19, national daily data"
Greece,EL,GRC,10724599,2020-W33,2020-08-09,2020-08-15,,0,"TESSy COVID-19, national weekly data"
Ireland,IE,IRL,4904240,2020-W33,2020-08-09,2020-08-15,0,0,
Latvia,LV,LVA,1919968,2020-W33,2020-08-09,2020-08-15,0,0,"TESSy COVID-19, national weekly data"
Netherlands,NL,NLD,17282163,2020-W33,2020-08-09,2020-08-15,,0,
Netherlands,NL,NLD,17282163,2020-W33,2020-08-09,2020-08-15,0,,"TESSy COVID-19, national daily data"
Portugal,PT,PRT,10276617,2020-W33,2020-08-09,2020-08-15,0,,"TESSy COVID-19, national daily data"
Romania,RO,ROU,19414458,2020-W33,2020-08-09,2020-08-15,22,,"TESSy COVID-19, national weekly data"
Slovenia,SI,SVN,2080908,2020-W33,2020-08-09,2020-08-15,0,,"TESSy COVID-19, national weekly data"
Spain,ES,ESP,46937060,2020-W33,2020-08-09,2020-08-15,4,0,"TESSy COVID-19, national weekly data"
Sweden,SE,SWE,10230185,2020-W33,2020-08-09,2020-08-15,,0,
United Kingdom,UK,GBR,66647112,2020-W33,2020-08-09,2020-08-15,1,,
Belgium,BE,BEL,11455519,2020-W32,2020-08-02,2020-08-08,1,,"TESSy COVID-19, national weekly data"
Croatia,HR,HRV,4076246,2020-W32,2020-08-02,2020-08-08,1,,
Cyprus,CY,CYP,875899,2020-W32,2020-08-02,2020-08-08,0,0,"TESSy COVID-19, national daily data"
Czechia,CZ,CZE,10649800,2020-W32,2020-08-02,2020-08-08,1,0,"TESSy COVID-19, national weekly data"
Denmark,DK,DNK,5806081,2020-W32,2020-08-02,2020-08-08,0,,
Estonia,EE,EST,1324820,2020-W32,2020-08-02,2020-08-08,,0,"TESSy COVID-19, national weekly data"
Estonia,EE,EST,1324820,2020-W32,2020-08-02,2020-08-08,0,,"TESSy COVID-19, national daily data"
France,FR,FRA,67012883,2020-W32,2020-08-02,2020-08-08,,0,
Germany,DE,DEU,83019213,2020-W32,2020-08-02,2020-08-08,0,,"TESSy COVID-19, national daily data"
Greece,EL,GRC,10724599,2020-W32,2020-08-02,2020-08-08,,0,"TESSy COVID-19, national weekly data"
Ireland,IE,IRL,4904240,2020-W32,2020-08-02,2020-08-08,0,0,
Latvia,LV,LVA,1919968,2020-W32,2020-08-02,2020-08-08,0,0,"TESSy COVID-19, national weekly data"
Netherlands,NL,NLD,17282163,2020-W32,2020-08-02,2020-08-08,,0,
Netherlands,NL,NLD,17282163,2020-W32,2020-08-02,2020-08-08,0,,"TESSy COVID-19, national daily data"
Portugal,PT,PRT,10276617,2020-W32,2020-08-02,2020-08-08,0,,"TESSy COVID-19, national daily data"
Romania,RO,ROU,19414458,2020-W32,2020-08-02,2020-08-08,39,,"TESSy COVID-19, national weekly data"
Slovenia,SI,SVN,2080908,2020-W32,2020-08-02,2020-08-08,0,,"TESSy COVID-19, national weekly data"
Spain,ES,ESP,46937060,2020-W32,2020-08-02,2020-08-08,3,0,"TESSy COVID-19, national weekly data"
Sweden,SE,SWE,10230185,2020-W32,2020-08-02,2020-08-08,,0,
United Kingdom,UK,GBR,66647112,2020-W32,2020-08-02,2020-08-08,1,,
Belgium,BE,BEL,11455519,2020-W31,2020-07-26,2020-08-01,1,,"TESSy COVID-19, national weekly data"
Croatia,HR,HRV,4076246,2020-W31,2020-07-26,2020-08-01,1,,
Cyprus,CY,CYP,875899,2020-W31,2020-07-26,2020-08-01,0,,"TESSy COVID-19, national daily data"
Czechia,CZ,CZE,10649800,2020-W31,2020-07-26,2020-08-01,1,0,"TESSy COVID-19, national weekly data"
Denmark,DK,DNK,5806081,2020-W31,2020-07-26,2020-08-01,0,,
Estonia,EE,EST,1324820,2020-W31,2020-07-26,2020-08-01,0,,"TESSy COVID-19, national daily data"
Estonia,EE,EST,1324820,2020-W31,2020-07-26,2020-08-01,,0,"TESSy COVID-19, national weekly data"
France,FR,FRA,67012883,2020-W31,2020-07-26,2020-08-01,,0,
Germany,DE,DEU,83019213,2020-W31,2020-07-26,2020-08-01,0,,"TESSy COVID-19, national daily data"
Greece,EL,GRC,10724599,2020-W31,2020-07-26,2020-08-01,,0,"TESSy COVID-19, national weekly data"
Ireland,IE,IRL,4904240,2020-W31,2020-07-26,2020-08-01,0,0,
Latvia,LV,LVA,1919968,2020-W31,2020-07-26,2020-08-01,0,0,"TESSy COVID-19, national weekly data"
Netherlands,NL,NLD,17282163,2020-W31,2020-07-26,2020-08-01,0,,"TESSy COVID-19, national daily data"
Netherlands,NL,NLD,17282163,2020-W31,2020-07-26,2020-08-01,,0,
Portugal,PT,PRT,10276617,2020-W31,2020-07-26,2020-08-01,0,,"TESSy COVID-19, national daily data"
Romania,RO,ROU,19414458,2020-W31,2020-07-26,2020-08-01,38,,"TESSy COVID-19, national weekly data"
Slovenia,SI,SVN,2080908,2020-W31,2020-07-26,2020-08-01,0,,"TESSy COVID-19, national weekly data"
Spain,ES,ESP,46937060,2020-W31,2020-07-26,2020-08-01,2,0,"TESSy COVID-19, national weekly data"
Sweden,SE,SWE,10230185,2020-W31,2020-07-26,2020-08-01,,0,
United Kingdom,UK,GBR,66647112,2020-W31,2020-07-26,2020-08-01,1,,
Belgium,BE,BEL,11455519,2020-W30,2020-07-19,2020-07-25,1,,"TESSy COVID-19, national weekly data"
Croatia,HR,HRV,4076246,2020-W30,2020-07-19,2020-07-25,2,,
Cyprus,CY,CYP,875899,2020-W30,2020-07-19,2020-07-25,0,,"TESSy COVID-19, national daily data"
Czechia,CZ,CZE,10649800,2020-W30,2020-07-19,2020-07-25,1,0,"TESSy COVID-19, national weekly data"
Denmark,DK,DNK,5806081,2020-W30,2020-07-19,2020-07-25,0,,
Estonia,EE,EST,1324820,2020-W30,2020-07-19,2020-07-25,,0,"TESSy COVID-19, national weekly data"
Estonia,EE,EST,1324820,2020-W30,2020-07-19,2020-07-25,0,,"TESSy COVID-19, national daily data"
France,FR,FRA,67012883,2020-W30,2020-07-19,2020-07-25,,0,
Germany,DE,DEU,83019213,2020-W30,2020-07-19,2020-07-25,0,,"TESSy COVID-19, national daily data"
Greece,EL,GRC,10724599,2020-W30,2020-07-19,2020-07-25,,0,"TESSy COVID-19, national weekly data"
Ireland,IE,IRL,4904240,2020-W30,2020-07-19,2020-07-25,0,0,
Latvia,LV,LVA,1919968,2020-W30,2020-07-19,2020-07-25,0,0,"TESSy COVID-19, national weekly data"
Netherlands,NL,NLD,17282163,2020-W30,2020-07-19,2020-07-25,,0,
Netherlands,NL,NLD,17282163,2020-W30,2020-07-19,2020-07-25,0,,"TESSy COVID-19, national daily data"
Portugal,PT,PRT,10276617,2020-W30,2020-07-19,2020-07-25,0,,"TESSy COVID-19, national daily data"
Romania,RO,ROU,19414458,2020-W30,2020-07-19,2020-07-25,38,,"TESSy COVID-19, national weekly data"
Slovenia,SI,SVN,2080908,2020-W30,2020-07-19,2020-07-25,0,,"TESSy COVID-19, national weekly data"
Spain,ES,ESP,46937060,2020-W30,2020-07-19,2020-07-25,1,0,"TESSy COVID-19, national weekly data"
Sweden,SE,SWE,10230185,2020-W30,2020-07-19,2020-07-25,,0,
United Kingdom,UK,GBR,66647112,2020-W30,2020-07-19,2020-07-25,1,,
Belgium,BE,BEL,11455519,2020-W29,2020-07-12,2020-07-18,0,,"TESSy COVID-19, national weekly data"
Croatia,HR,HRV,4076246,2020-W29,2020-07-12,2020-07-18,2,,
Cyprus,CY,CYP,875899,2020-W29,2020-07-12,2020-07-18,0,,"TESSy COVID-19, national daily data"
Czechia,CZ,CZE,10649800,2020-W29,2020-07-12,2020-07-18,1,0,"TESSy COVID-19, national weekly data"
Denmark,DK,DNK,5806081,2020-W29,2020-07-12,2020-07-18,0,,
Estonia,EE,EST,1324820,2020-W29,2020-07-12,2020-07-18,,0,"TESSy COVID-19, national weekly data"
France,FR,FRA,67012883,2020-W29,2020-07-12,2020-07-18,,0,
Germany,DE,DEU,83019213,2020-W29,2020-07-12,2020-07-18,0,,"TESSy COVID-19, national daily data"
Greece,EL,GRC,10724599,2020-W29,2020-07-12,2020-07-18,,0,"TESSy COVID-19, national weekly data"
Ireland,IE,IRL,4904240,2020-W29,2020-07-12,2020-07-18,0,0,
Latvia,LV,LVA,1919968,2020-W29,2020-07-12,2020-07-18,0,0,"TESSy COVID-19, national weekly data"
Netherlands,NL,NLD,17282163,2020-W29,2020-07-12,2020-07-18,0,,"TESSy COVID-19, national daily data"
Netherlands,NL,NLD,17282163,2020-W29,2020-07-12,2020-07-18,,0,
Portugal,PT,PRT,10276617,2020-W29,2020-07-12,2020-07-18,0,,"TESSy COVID-19, national daily data"
Romania,RO,ROU,19414458,2020-W29,2020-07-12,2020-07-18,,,"TESSy COVID-19, national weekly data"
Slovenia,SI,SVN,2080908,2020-W29,2020-07-12,2020-07-18,0,,"TESSy COVID-19, national weekly data"
Spain,ES,ESP,46937060,2020-W29,2020-07-12,2020-07-18,0,0,"TESSy COVID-19, national weekly data"
Sweden,SE,SWE,10230185,2020-W29,2020-07-12,2020-07-18,,0,
United Kingdom,UK,GBR,66647112,2020-W29,2020-07-12,2020-07-18,1,,
Belgium,BE,BEL,11455519,2020-W28,2020-07-05,2020-07-11,0,,"TESSy COVID-19, national weekly data"
Croatia,HR,HRV,4076246,2020-W28,2020-07-05,2020-07-11,2,,
Czechia,CZ,CZE,10649800,2020-W28,2020-07-05,2020-07-11,1,0,"TESSy COVID-19, national weekly data"
Denmark,DK,DNK,5806081,2020-W28,2020-07-05,2020-07-11,0,,
Estonia,EE,EST,1324820,2020-W28,2020-07-05,2020-07-11,,0,"TESSy COVID-19, national weekly data"
Estonia,EE,EST,1324820,2020-W28,2020-07-05,2020-07-11,0,,"TESSy COVID-19, national daily data"
France,FR,FRA,67012883,2020-W28,2020-07-05,2020-07-11,,0,
Germany,DE,DEU,83019213,2020-W28,2020-07-05,2020-07-11,0,,"TESSy COVID-19, national daily data"
Greece,EL,GRC,10724599,2020-W28,2020-07-05,2020-07-11,,0,"TESSy COVID-19, national weekly data"
Ireland,IE,IRL,4904240,2020-W28,2020-07-05,2020-07-11,0,0,
Latvia,LV,LVA,1919968,2020-W28,2020-07-05,2020-07-11,0,0,"TESSy COVID-19, national weekly data"
Netherlands,NL,NLD,17282163,2020-W28,2020-07-05,2020-07-11,0,,"TESSy COVID-19, national daily data"
Netherlands,NL,NLD,17282163,2020-W28,2020-07-05,2020-07-11,,0,
Portugal,PT,PRT,10276617,2020-W28,2020-07-05,2020-07-11,1,,"TESSy COVID-19, national daily data"
Romania,RO,ROU,19414458,2020-W28,2020-07-05,2020-07-11,,,"TESSy COVID-19, national weekly data"
Slovenia,SI,SVN,2080908,2020-W28,2020-07-05,2020-07-11,0,,"TESSy COVID-19, national weekly data"
Spain,ES,ESP,46937060,2020-W28,2020-07-05,2020-07-11,0,0,"TESSy COVID-19, national weekly data"
Sweden,SE,SWE,10230185,2020-W28,2020-07-05,2020-07-11,,0,
United Kingdom,UK,GBR,66647112,2020-W28,2020-07-05,2020-07-11,1,,
Belgium,BE,BEL,11455519,2020-W27,2020-06-28,2020-07-04,0,,"TESSy COVID-19, national weekly data"
Croatia,HR,HRV,4076246,2020-W27,2020-06-28,2020-07-04,1,,
Czechia,CZ,CZE,10649800,2020-W27,2020-06-28,2020-07-04,1,0,"TESSy COVID-19, national weekly data"
Denmark,DK,DNK,5806081,2020-W27,2020-06-28,2020-07-04,0,,
Estonia,EE,EST,1324820,2020-W27,2020-06-28,2020-07-04,0,,"TESSy COVID-19, national daily data"
Estonia,EE,EST,1324820,2020-W27,2020-06-28,2020-07-04,,0,"TESSy COVID-19, national weekly data"
France,FR,FRA,67012883,2020-W27,2020-06-28,2020-07-04,,0,
Germany,DE,DEU,83019213,2020-W27,2020-06-28,2020-07-04,0,,"TESSy COVID-19, national daily data"
Greece,EL,GRC,10724599,2020-W27,2020-06-28,2020-07-04,,0,"TESSy COVID-19, national weekly data"
Ireland,IE,IRL,4904240,2020-W27,2020-06-28,2020-07-04,0,0,
Latvia,LV,LVA,1919968,2020-W27,2020-06-28,2020-07-04,0,0,"TESSy COVID-19, national weekly data"
Netherlands,NL,NLD,17282163,2020-W27,2020-06-28,2020-07-04,,0,
Netherlands,NL,NLD,17282163,2020-W27,2020-06-28,2020-07-04,0,,"TESSy COVID-19, national daily data"
Portugal,PT,PRT,10276617,2020-W27,2020-06-28,2020-07-04,1,,"TESSy COVID-19, national daily data"
Romania,RO,ROU,19414458,2020-W27,2020-06-28,2020-07-04,,,"TESSy COVID-19, national weekly data"
Slovenia,SI,SVN,2080908,2020-W27,2020-06-28,2020-07-04,0,,"TESSy COVID-19, national weekly data"
Spain,ES,ESP,46937060,2020-W27,2020-06-28,2020-07-04,0,0,"TESSy COVID-19, national weekly data"
Sweden,SE,SWE,10230185,2020-W27,2020-06-28,2020-07-04,,0,
United Kingdom,UK,GBR,66647112,2020-W27,2020-06-28,2020-07-04,2,,
Belgium,BE,BEL,11455519,2020-W26,2020-06-21,2020-06-27,0,,"TESSy COVID-19, national weekly data"
Croatia,HR,HRV,4076246,2020-W26,2020-06-21,2020-06-27,1,,
Cyprus,CY,CYP,875899,2020-W26,2020-06-21,2020-06-27,0,,"TESSy COVID-19, national daily data"
Czechia,CZ,CZE,10649800,2020-W26,2020-06-21,2020-06-27,0,0,"TESSy COVID-19, national weekly data"
Denmark,DK,DNK,5806081,2020-W26,2020-06-21,2020-06-27,0,,
Estonia,EE,EST,1324820,2020-W26,2020-06-21,2020-06-27,0,,"TESSy COVID-19, national daily data"
Estonia,EE,EST,1324820,2020-W26,2020-06-21,2020-06-27,,0,"TESSy COVID-19, national weekly data"
France,FR,FRA,67012883,2020-W26,2020-06-21,2020-06-27,,0,
Germany,DE,DEU,83019213,2020-W26,2020-06-21,2020-06-27,0,,"TESSy COVID-19, national daily data"
Greece,EL,GRC,10724599,2020-W26,2020-06-21,2020-06-27,,0,"TESSy COVID-19, national weekly data"
Ireland,IE,IRL,4904240,2020-W26,2020-06-21,2020-06-27,0,0,
Latvia,LV,LVA,1919968,2020-W26,2020-06-21,2020-06-27,0,0,"TESSy COVID-19, national weekly data"
Netherlands,NL,NLD,17282163,2020-W26,2020-06-21,2020-06-27,0,,"TESSy COVID-19, national daily data"
Netherlands,NL,NLD,17282163,2020-W26,2020-06-21,2020-06-27,,0,
Portugal,PT,PRT,10276617,2020-W26,2020-06-21,2020-06-27,1,,"TESSy COVID-19, national daily data"
Romania,RO,ROU,19414458,2020-W26,2020-06-21,2020-06-27,,,"TESSy COVID-19, national weekly data"
Slovenia,SI,SVN,2080908,2020-W26,2020-06-21,2020-06-27,0,,"TESSy COVID-19, national weekly data"
Spain,ES,ESP,46937060,2020-W26,2020-06-21,2020-06-27,0,0,"TESSy COVID-19, national weekly data"
Sweden,SE,SWE,10230185,2020-W26,2020-06-21,2020-06-27,,0,
United Kingdom,UK,GBR,66647112,2020-W26,2020-06-21,2020-06-27,3,,
Belgium,BE,BEL,11455519,2020-W25,2020-06-14,2020-06-20,1,,"TESSy COVID-19, national weekly data"
Croatia,HR,HRV,4076246,2020-W25,2020-06-14,2020-06-20,0,,
Cyprus,CY,CYP,875899,2020-W25,2020-06-14,2020-06-20,0,,"TESSy COVID-19, national daily data"
Czechia,CZ,CZE,10649800,2020-W25,2020-06-14,2020-06-20,1,0,"TESSy COVID-19, national weekly data"
Denmark,DK,DNK,5806081,2020-W25,2020-06-14,2020-06-20,0,,
Estonia,EE,EST,1324820,2020-W25,2020-06-14,2020-06-20,0,,"TESSy COVID-19, national daily data"
France,FR,FRA,67012883,2020-W25,2020-06-14,2020-06-20,,0,
Germany,DE,DEU,83019213,2020-W25,2020-06-14,2020-06-20,0,,"TESSy COVID-19, national daily data"
Greece,EL,GRC,10724599,2020-W25,2020-06-14,2020-06-20,,0,"TESSy COVID-19, national weekly data"
Ireland,IE,IRL,4904240,2020-W25,2020-06-14,2020-06-20,0,0,
Latvia,LV,LVA,1919968,2020-W25,2020-06-14,2020-06-20,0,0,"TESSy COVID-19, national weekly data"
Netherlands,NL,NLD,17282163,2020-W25,2020-06-14,2020-06-20,,0,
Netherlands,NL,NLD,17282163,2020-W25,2020-06-14,2020-06-20,0,,"TESSy COVID-19, national daily data"
Portugal,PT,PRT,10276617,2020-W25,2020-06-14,2020-06-20,1,,"TESSy COVID-19, national daily data"
Romania,RO,ROU,19414458,2020-W25,2020-06-14,2020-06-20,,,"TESSy COVID-19, national weekly data"
Slovenia,SI,SVN,2080908,2020-W25,2020-06-14,2020-06-20,0,,"TESSy COVID-19, national weekly data"
Spain,ES,ESP,46937060,2020-W25,2020-06-14,2020-06-20,0,0,"TESSy COVID-19, national weekly data"
Sweden,SE,SWE,10230185,2020-W25,2020-06-14,2020-06-20,,0,
United Kingdom,UK,GBR,66647112,2020-W25,2020-06-14,2020-06-20,3,,
Belgium,BE,BEL,11455519,2020-W24,2020-06-07,2020-06-13,1,,"TESSy COVID-19, national weekly data"
Croatia,HR,HRV,4076246,2020-W24,2020-06-07,2020-06-13,0,,
Cyprus,CY,CYP,875899,2020-W24,2020-06-07,2020-06-13,0,,"TESSy COVID-19, national daily data"
Czechia,CZ,CZE,10649800,2020-W24,2020-06-07,2020-06-13,0,0,"TESSy COVID-19, national weekly data"
Denmark,DK,DNK,5806081,2020-W24,2020-06-07,2020-06-13,0,,
Estonia,EE,EST,1324820,2020-W24,2020-06-07,2020-06-13,0,,"TESSy COVID-19, national daily data"
Estonia,EE,EST,1324820,2020-W24,2020-06-07,2020-06-13,,0,"TESSy COVID-19, national weekly data"
France,FR,FRA,67012883,2020-W24,2020-06-07,2020-06-13,,0,
Germany,DE,DEU,83019213,2020-W24,2020-06-07,2020-06-13,0,,"TESSy COVID-19, national daily data"
Greece,EL,GRC,10724599,2020-W24,2020-06-07,2020-06-13,,0,"TESSy COVID-19, national weekly data"
Ireland,IE,IRL,4904240,2020-W24,2020-06-07,2020-06-13,0,0,
Latvia,LV,LVA,1919968,2020-W24,2020-06-07,2020-06-13,0,0,"TESSy COVID-19, national weekly data"
Netherlands,NL,NLD,17282163,2020-W24,2020-06-07,2020-06-13,,0,
Netherlands,NL,NLD,17282163,2020-W24,2020-06-07,2020-06-13,0,,"TESSy COVID-19, national daily data"
Portugal,PT,PRT,10276617,2020-W24,2020-06-07,2020-06-13,1,,"TESSy COVID-19, national daily data"
Romania,RO,ROU,19414458,2020-W24,2020-06-07,2020-06-13,,,"TESSy COVID-19, national weekly data"
Slovenia,SI,SVN,2080908,2020-W24,2020-06-07,2020-06-13,0,,"TESSy COVID-19, national weekly data"
Spain,ES,ESP,46937060,2020-W24,2020-06-07,2020-06-13,0,0,"TESSy COVID-19, national weekly data"
Sweden,SE,SWE,10230185,2020-W24,2020-06-07,2020-06-13,,0,
United Kingdom,UK,GBR,66647112,2020-W24,2020-06-07,2020-06-13,4,,
Belgium,BE,BEL,11455519,2020-W23,2020-05-31,2020-06-06,1,,"TESSy COVID-19, national weekly data"
Croatia,HR,HRV,4076246,2020-W23,2020-05-31,2020-06-06,0,,
Cyprus,CY,CYP,875899,2020-W23,2020-05-31,2020-06-06,0,,"TESSy COVID-19, national daily data"
Czechia,CZ,CZE,10649800,2020-W23,2020-05-31,2020-06-06,0,0,"TESSy COVID-19, national weekly data"
Denmark,DK,DNK,5806081,2020-W23,2020-05-31,2020-06-06,0,,
Estonia,EE,EST,1324820,2020-W23,2020-05-31,2020-06-06,0,,"TESSy COVID-19, national daily data"
Estonia,EE,EST,1324820,2020-W23,2020-05-31,2020-06-06,,0,"TESSy COVID-19, national weekly data"
France,FR,FRA,67012883,2020-W23,2020-05-31,2020-06-06,,0,
Germany,DE,DEU,83019213,2020-W23,2020-05-31,2020-06-06,0,,"TESSy COVID-19, national daily data"
Greece,EL,GRC,10724599,2020-W23,2020-05-31,2020-06-06,,0,"TESSy COVID-19, national weekly data"
Ireland,IE,IRL,4904240,2020-W23,2020-05-31,2020-06-06,0,0,
Latvia,LV,LVA,1919968,2020-W23,2020-05-31,2020-06-06,0,0,"TESSy COVID-19, national weekly data"
Netherlands,NL,NLD,17282163,2020-W23,2020-05-31,2020-06-06,,0,
Netherlands,NL,NLD,17282163,2020-W23,2020-05-31,2020-06-06,0,,"TESSy COVID-19, national daily data"
Portugal,PT,PRT,10276617,2020-W23,2020-05-31,2020-06-06,1,,"TESSy COVID-19, national daily data"
Romania,RO,ROU,19414458,2020-W23,2020-05-31,2020-06-06,,,"TESSy COVID-19, national weekly data"
Slovenia,SI,SVN,2080908,2020-W23,2020-05-31,2020-06-06,0,,"TESSy COVID-19, national weekly data"
Spain,ES,ESP,46937060,2020-W23,2020-05-31,2020-06-06,0,0,"TESSy COVID-19, national weekly data"
Sweden,SE,SWE,10230185,2020-W23,2020-05-31,2020-06-06,,1,
United Kingdom,UK,GBR,66647112,2020-W23,2020-05-31,2020-06-06,5,,
Belgium,BE,BEL,11455519,2020-W22,2020-05-24,2020-05-30,2,,"TESSy COVID-19, national weekly data"
Croatia,HR,HRV,4076246,2020-W22,2020-05-24,2020-05-30,0,,
Cyprus,CY,CYP,875899,2020-W22,2020-05-24,2020-05-30,0,,"TESSy COVID-19, national daily data"
Czechia,CZ,CZE,10649800,2020-W22,2020-05-24,2020-05-30,1,0,"TESSy COVID-19, national weekly data"
Denmark,DK,DNK,5806081,2020-W22,2020-05-24,2020-05-30,0,,
Estonia,EE,EST,1324820,2020-W22,2020-05-24,2020-05-30,,0,"TESSy COVID-19, national weekly data"
Estonia,EE,EST,1324820,2020-W22,2020-05-24,2020-05-30,0,,"TESSy COVID-19, national daily data"
France,FR,FRA,67012883,2020-W22,2020-05-24,2020-05-30,,0,
Germany,DE,DEU,83019213,2020-W22,2020-05-24,2020-05-30,0,,"TESSy COVID-19, national daily data"
Greece,EL,GRC,10724599,2020-W22,2020-05-24,2020-05-30,,0,"TESSy COVID-19, national weekly data"
Ireland,IE,IRL,4904240,2020-W22,2020-05-24,2020-05-30,1,0,
Latvia,LV,LVA,1919968,2020-W22,2020-05-24,2020-05-30,0,0,"TESSy COVID-19, national weekly data"
Netherlands,NL,NLD,17282163,2020-W22,2020-05-24,2020-05-30,,0,
Netherlands,NL,NLD,17282163,2020-W22,2020-05-24,2020-05-30,0,,"TESSy COVID-19, national daily data"
Portugal,PT,PRT,10276617,2020-W22,2020-05-24,2020-05-30,1,,"TESSy COVID-19, national daily data"
Romania,RO,ROU,19414458,2020-W22,2020-05-24,2020-05-30,,,"TESSy COVID-19, national weekly data"
Slovenia,SI,SVN,2080908,2020-W22,2020-05-24,2020-05-30,0,,"TESSy COVID-19, national weekly data"
Spain,ES,ESP,46937060,2020-W22,2020-05-24,2020-05-30,0,0,"TESSy COVID-19, national weekly data"
Sweden,SE,SWE,10230185,2020-W22,2020-05-24,2020-05-30,,1,
United Kingdom,UK,GBR,66647112,2020-W22,2020-05-24,2020-05-30,6,,
Belgium,BE,BEL,11455519,2020-W21,2020-05-17,2020-05-23,3,,"TESSy COVID-19, national weekly data"
Croatia,HR,HRV,4076246,2020-W21,2020-05-17,2020-05-23,0,,
Cyprus,CY,CYP,875899,2020-W21,2020-05-17,2020-05-23,0,,"TESSy COVID-19, national daily data"
Czechia,CZ,CZE,10649800,2020-W21,2020-05-17,2020-05-23,1,0,"TESSy COVID-19, national weekly data"
Denmark,DK,DNK,5806081,2020-W21,2020-05-17,2020-05-23,0,,
Estonia,EE,EST,1324820,2020-W21,2020-05-17,2020-05-23,,0,"TESSy COVID-19, national weekly data"
Estonia,EE,EST,1324820,2020-W21,2020-05-17,2020-05-23,1,,"TESSy COVID-19, national daily data"
France,FR,FRA,67012883,2020-W21,2020-05-17,2020-05-23,,0,
Germany,DE,DEU,83019213,2020-W21,2020-05-17,2020-05-23,0,,"TESSy COVID-19, national daily data"
Greece,EL,GRC,10724599,2020-W21,2020-05-17,2020-05-23,,0,"TESSy COVID-19, national weekly data"
Ireland,IE,IRL,4904240,2020-W21,2020-05-17,2020-05-23,1,0,
Latvia,LV,LVA,1919968,2020-W21,2020-05-17,2020-05-23,0,0,"TESSy COVID-19, national weekly data"
Netherlands,NL,NLD,17282163,2020-W21,2020-05-17,2020-05-23,,0,
Netherlands,NL,NLD,17282163,2020-W21,2020-05-17,2020-05-23,0,,"TESSy COVID-19, national daily data"
Portugal,PT,PRT,10276617,2020-W21,2020-05-17,2020-05-23,1,,"TESSy COVID-19, national daily data"
Romania,RO,ROU,19414458,2020-W21,2020-05-17,2020-05-23,,,"TESSy COVID-19, national weekly data"
Slovenia,SI,SVN,2080908,2020-W21,2020-05-17,2020-05-23,0,,"TESSy COVID-19, national weekly data"
Spain,ES,ESP,46937060,2020-W21,2020-05-17,2020-05-23,0,0,"TESSy COVID-19, national weekly data"
Sweden,SE,SWE,10230185,2020-W21,2020-05-17,2020-05-23,,1,
United Kingdom,UK,GBR,66647112,2020-W21,2020-05-17,2020-05-23,8,,
Belgium,BE,BEL,11455519,2020-W20,2020-05-10,2020-05-16,3,,"TESSy COVID-19, national weekly data"
Croatia,HR,HRV,4076246,2020-W20,2020-05-10,2020-05-16,0,,
Cyprus,CY,CYP,875899,2020-W20,2020-05-10,2020-05-16,0,,"TESSy COVID-19, national daily data"
Czechia,CZ,CZE,10649800,2020-W20,2020-05-10,2020-05-16,1,0,"TESSy COVID-19, national weekly data"
Denmark,DK,DNK,5806081,2020-W20,2020-05-10,2020-05-16,1,,
Estonia,EE,EST,1324820,2020-W20,2020-05-10,2020-05-16,0,,"TESSy COVID-19, national daily data"
Estonia,EE,EST,1324820,2020-W20,2020-05-10,2020-05-16,,0,"TESSy COVID-19, national weekly data"
France,FR,FRA,67012883,2020-W20,2020-05-10,2020-05-16,,0,
Germany,DE,DEU,83019213,2020-W20,2020-05-10,2020-05-16,0,,"TESSy COVID-19, national daily data"
Greece,EL,GRC,10724599,2020-W20,2020-05-10,2020-05-16,,0,"TESSy COVID-19, national weekly data"
Ireland,IE,IRL,4904240,2020-W20,2020-05-10,2020-05-16,1,0,
Latvia,LV,LVA,1919968,2020-W20,2020-05-10,2020-05-16,0,0,"TESSy COVID-19, national weekly data"
Netherlands,NL,NLD,17282163,2020-W20,2020-05-10,2020-05-16,,0,
Netherlands,NL,NLD,17282163,2020-W20,2020-05-10,2020-05-16,0,,"TESSy COVID-19, national daily data"
Portugal,PT,PRT,10276617,2020-W20,2020-05-10,2020-05-16,1,,"TESSy COVID-19, national daily data"
Romania,RO,ROU,19414458,2020-W20,2020-05-10,2020-05-16,,,"TESSy COVID-19, national weekly data"
Slovenia,SI,SVN,2080908,2020-W20,2020-05-10,2020-05-16,0,,"TESSy COVID-19, national weekly data"
Spain,ES,ESP,46937060,2020-W20,2020-05-10,2020-05-16,1,0,"TESSy COVID-19, national weekly data"
Sweden,SE,SWE,10230185,2020-W20,2020-05-10,2020-05-16,,1,
United Kingdom,UK,GBR,66647112,2020-W20,2020-05-10,2020-05-16,9,,
Belgium,BE,BEL,11455519,2020-W19,2020-05-03,2020-05-09,5,,"TESSy COVID-19, national weekly data"
Croatia,HR,HRV,4076246,2020-W19,2020-05-03,2020-05-09,0,,
Cyprus,CY,CYP,875899,2020-W19,2020-05-03,2020-05-09,0,0,"TESSy COVID-19, national daily data"
Czechia,CZ,CZE,10649800,2020-W19,2020-05-03,2020-05-09,2,0,"TESSy COVID-19, national weekly data"
Denmark,DK,DNK,5806081,2020-W19,2020-05-03,2020-05-09,1,,
Estonia,EE,EST,1324820,2020-W19,2020-05-03,2020-05-09,,0,"TESSy COVID-19, national weekly data"
Estonia,EE,EST,1324820,2020-W19,2020-05-03,2020-05-09,0,,"TESSy COVID-19, national daily data"
France,FR,FRA,67012883,2020-W19,2020-05-03,2020-05-09,,0,
Germany,DE,DEU,83019213,2020-W19,2020-05-03,2020-05-09,0,,"TESSy COVID-19, national daily data"
Greece,EL,GRC,10724599,2020-W19,2020-05-03,2020-05-09,,0,"TESSy COVID-19, national weekly data"
Ireland,IE,IRL,4904240,2020-W19,2020-05-03,2020-05-09,2,,
Latvia,LV,LVA,1919968,2020-W19,2020-05-03,2020-05-09,0,0,"TESSy COVID-19, national weekly data"
Netherlands,NL,NLD,17282163,2020-W19,2020-05-03,2020-05-09,,0,
Netherlands,NL,NLD,17282163,2020-W19,2020-05-03,2020-05-09,0,,"TESSy COVID-19, national daily data"
Portugal,PT,PRT,10276617,2020-W19,2020-05-03,2020-05-09,1,,"TESSy COVID-19, national daily data"
Romania,RO,ROU,19414458,2020-W19,2020-05-03,2020-05-09,,,"TESSy COVID-19, national weekly data"
Slovenia,SI,SVN,2080908,2020-W19,2020-05-03,2020-05-09,0,,"TESSy COVID-19, national weekly data"
Spain,ES,ESP,46937060,2020-W19,2020-05-03,2020-05-09,1,0,"TESSy COVID-19, national weekly data"
Sweden,SE,SWE,10230185,2020-W19,2020-05-03,2020-05-09,,1,
United Kingdom,UK,GBR,66647112,2020-W19,2020-05-03,2020-05-09,11,,
Belgium,BE,BEL,11455519,2020-W18,2020-04-26,2020-05-02,7,,"TESSy COVID-19, national weekly data"
Croatia,HR,HRV,4076246,2020-W18,2020-04-26,2020-05-02,0,,
Cyprus,CY,CYP,875899,2020-W18,2020-04-26,2020-05-02,0,,"TESSy COVID-19, national daily data"
Czechia,CZ,CZE,10649800,2020-W18,2020-04-26,2020-05-02,3,0,"TESSy COVID-19, national weekly data"
Denmark,DK,DNK,5806081,2020-W18,2020-04-26,2020-05-02,2,,
Estonia,EE,EST,1324820,2020-W18,2020-04-26,2020-05-02,,0,"TESSy COVID-19, national weekly data"
Estonia,EE,EST,1324820,2020-W18,2020-04-26,2020-05-02,1,,"TESSy COVID-19, national daily data"
France,FR,FRA,67012883,2020-W18,2020-04-26,2020-05-02,,1,
Germany,DE,DEU,83019213,2020-W18,2020-04-26,2020-05-02,1,,"TESSy COVID-19, national daily data"
Greece,EL,GRC,10724599,2020-W18,2020-04-26,2020-05-02,,0,"TESSy COVID-19, national weekly data"
Ireland,IE,IRL,4904240,2020-W18,2020-04-26,2020-05-02,4,0,
Latvia,LV,LVA,1919968,2020-W18,2020-04-26,2020-05-02,0,0,"TESSy COVID-19, national weekly data"
Netherlands,NL,NLD,17282163,2020-W18,2020-04-26,2020-05-02,,0,
Netherlands,NL,NLD,17282163,2020-W18,2020-04-26,2020-05-02,1,,"TESSy COVID-19, national daily data"
Portugal,PT,PRT,10276617,2020-W18,2020-04-26,2020-05-02,1,,"TESSy COVID-19, national daily data"
Romania,RO,ROU,19414458,2020-W18,2020-04-26,2020-05-02,,,"TESSy COVID-19, national weekly data"
Slovenia,SI,SVN,2080908,2020-W18,2020-04-26,2020-05-02,0,,"TESSy COVID-19, national weekly data"
Spain,ES,ESP,46937060,2020-W18,2020-04-26,2020-05-02,2,0,"TESSy COVID-19, national weekly data"
Sweden,SE,SWE,10230185,2020-W18,2020-04-26,2020-05-02,,1,
United Kingdom,UK,GBR,66647112,2020-W18,2020-04-26,2020-05-02,14,,
Belgium,BE,BEL,11455519,2020-W17,2020-04-19,2020-04-25,12,,"TESSy COVID-19, national weekly data"
Croatia,HR,HRV,4076246,2020-W17,2020-04-19,2020-04-25,2,,
Cyprus,CY,CYP,875899,2020-W17,2020-04-19,2020-04-25,0,0,"TESSy COVID-19, national daily data"
Czechia,CZ,CZE,10649800,2020-W17,2020-04-19,2020-04-25,4,1,"TESSy COVID-19, national weekly data"
Denmark,DK,DNK,5806081,2020-W17,2020-04-19,2020-04-25,3,,
Estonia,EE,EST,1324820,2020-W17,2020-04-19,2020-04-25,,0,"TESSy COVID-19, national weekly data"
Estonia,EE,EST,1324820,2020-W17,2020-04-19,2020-04-25,1,,"TESSy COVID-19, national daily data"
France,FR,FRA,67012883,2020-W17,2020-04-19,2020-04-25,,1,
Germany,DE,DEU,83019213,2020-W17,2020-04-19,2020-04-25,1,,"TESSy COVID-19, national daily data"
Greece,EL,GRC,10724599,2020-W17,2020-04-19,2020-04-25,,0,"TESSy COVID-19, national weekly data"
Ireland,IE,IRL,4904240,2020-W17,2020-04-19,2020-04-25,3,0,
Latvia,LV,LVA,1919968,2020-W17,2020-04-19,2020-04-25,0,0,"TESSy COVID-19, national weekly data"
Netherlands,NL,NLD,17282163,2020-W17,2020-04-19,2020-04-25,,0,
Netherlands,NL,NLD,17282163,2020-W17,2020-04-19,2020-04-25,2,,"TESSy COVID-19, national daily data"
Portugal,PT,PRT,10276617,2020-W17,2020-04-19,2020-04-25,2,,"TESSy COVID-19, national daily data"
Romania,RO,ROU,19414458,2020-W17,2020-04-19,2020-04-25,,,"TESSy COVID-19, national weekly data"
Slovenia,SI,SVN,2080908,2020-W17,2020-04-19,2020-04-25,0,,"TESSy COVID-19, national weekly data"
Spain,ES,ESP,46937060,2020-W17,2020-04-19,2020-04-25,3,0,"TESSy COVID-19, national weekly data"
Sweden,SE,SWE,10230185,2020-W17,2020-04-19,2020-04-25,,2,
United Kingdom,UK,GBR,66647112,2020-W17,2020-04-19,2020-04-25,15,,
Belgium,BE,BEL,11455519,2020-W16,2020-04-12,2020-04-18,16,,"TESSy COVID-19, national weekly data"
Croatia,HR,HRV,4076246,2020-W16,2020-04-12,2020-04-18,1,,
Cyprus,CY,CYP,875899,2020-W16,2020-04-12,2020-04-18,1,0,"TESSy COVID-19, national daily data"
Czechia,CZ,CZE,10649800,2020-W16,2020-04-12,2020-04-18,4,1,"TESSy COVID-19, national weekly data"
Denmark,DK,DNK,5806081,2020-W16,2020-04-12,2020-04-18,3,,
Estonia,EE,EST,1324820,2020-W16,2020-04-12,2020-04-18,3,,"TESSy COVID-19, national daily data"
Estonia,EE,EST,1324820,2020-W16,2020-04-12,2020-04-18,,,"TESSy COVID-19, national weekly data"
France,FR,FRA,67012883,2020-W16,2020-04-12,2020-04-18,,2,
Germany,DE,DEU,83019213,2020-W16,2020-04-12,2020-04-18,2,,"TESSy COVID-19, national daily data"
Greece,EL,GRC,10724599,2020-W16,2020-04-12,2020-04-18,,0,"TESSy COVID-19, national weekly data"
Ireland,IE,IRL,4904240,2020-W16,2020-04-12,2020-04-18,4,1,
Latvia,LV,LVA,1919968,2020-W16,2020-04-12,2020-04-18,0,0,"TESSy COVID-19, national weekly data"
Netherlands,NL,NLD,17282163,2020-W16,2020-04-12,2020-04-18,,1,
Netherlands,NL,NLD,17282163,2020-W16,2020-04-12,2020-04-18,4,,"TESSy COVID-19, national daily data"
Portugal,PT,PRT,10276617,2020-W16,2020-04-12,2020-04-18,3,,"TESSy COVID-19, national daily data"
Romania,RO,ROU,19414458,2020-W16,2020-04-12,2020-04-18,,,"TESSy COVID-19, national weekly data"
Slovenia,SI,SVN,2080908,2020-W16,2020-04-12,2020-04-18,0,,"TESSy COVID-19, national weekly data"
Spain,ES,ESP,46937060,2020-W16,2020-04-12,2020-04-18,6,0,"TESSy COVID-19, national weekly data"
Sweden,SE,SWE,10230185,2020-W16,2020-04-12,2020-04-18,,2,
United Kingdom,UK,GBR,66647112,2020-W16,2020-04-12,2020-04-18,20,,
Belgium,BE,BEL,11455519,2020-W15,2020-04-05,2020-04-11,24,,"TESSy COVID-19, national weekly data"
Cyprus,CY,CYP,875899,2020-W15,2020-04-05,2020-04-11,2,0,"TESSy COVID-19, national daily data"
Czechia,CZ,CZE,10649800,2020-W15,2020-04-05,2020-04-11,5,1,"TESSy COVID-19, national weekly data"
Denmark,DK,DNK,5806081,2020-W15,2020-04-05,2020-04-11,4,,
Estonia,EE,EST,1324820,2020-W15,2020-04-05,2020-04-11,4,,"TESSy COVID-19, national daily data"
France,FR,FRA,67012883,2020-W15,2020-04-05,2020-04-11,,4,
Germany,DE,DEU,83019213,2020-W15,2020-04-05,2020-04-11,3,,"TESSy COVID-19, national daily data"
Greece,EL,GRC,10724599,2020-W15,2020-04-05,2020-04-11,,0,"TESSy COVID-19, national weekly data"
Ireland,IE,IRL,4904240,2020-W15,2020-04-05,2020-04-11,5,0,
Latvia,LV,LVA,1919968,2020-W15,2020-04-05,2020-04-11,1,0,"TESSy COVID-19, national weekly data"
Netherlands,NL,NLD,17282163,2020-W15,2020-04-05,2020-04-11,7,,"TESSy COVID-19, national daily data"
Netherlands,NL,NLD,17282163,2020-W15,2020-04-05,2020-04-11,,1,
Portugal,PT,PRT,10276617,2020-W15,2020-04-05,2020-04-11,4,,"TESSy COVID-19, national daily data"
Romania,RO,ROU,19414458,2020-W15,2020-04-05,2020-04-11,,,"TESSy COVID-19, national weekly data"
Slovenia,SI,SVN,2080908,2020-W15,2020-04-05,2020-04-11,1,,"TESSy COVID-19, national weekly data"
Spain,ES,ESP,46937060,2020-W15,2020-04-05,2020-04-11,12,0,"TESSy COVID-19, national weekly data"
Sweden,SE,SWE,10230185,2020-W15,2020-04-05,2020-04-11,,2,
United Kingdom,UK,GBR,66647112,2020-W15,2020-04-05,2020-04-11,27,,
Belgium,BE,BEL,11455519,2020-W14,2020-03-29,2020-04-04,30,,"TESSy COVID-19, national weekly data"
Cyprus,CY,CYP,875899,2020-W14,2020-03-29,2020-04-04,4,1,"TESSy COVID-19, national daily data"
Czechia,CZ,CZE,10649800,2020-W14,2020-03-29,2020-04-04,4,1,"TESSy COVID-19, national weekly data"
Denmark,DK,DNK,5806081,2020-W14,2020-03-29,2020-04-04,7,,
Estonia,EE,EST,1324820,2020-W14,2020-03-29,2020-04-04,7,,"TESSy COVID-19, national daily data"
France,FR,FRA,67012883,2020-W14,2020-03-29,2020-04-04,,6,
Germany,DE,DEU,83019213,2020-W14,2020-03-29,2020-04-04,4,,"TESSy COVID-19, national daily data"
Greece,EL,GRC,10724599,2020-W14,2020-03-29,2020-04-04,,0,"TESSy COVID-19, national weekly data"
Ireland,IE,IRL,4904240,2020-W14,2020-03-29,2020-04-04,3,0,
Latvia,LV,LVA,1919968,2020-W14,2020-03-29,2020-04-04,1,0,"TESSy COVID-19, national weekly data"
Netherlands,NL,NLD,17282163,2020-W14,2020-03-29,2020-04-04,,3,
Netherlands,NL,NLD,17282163,2020-W14,2020-03-29,2020-04-04,13,,"TESSy COVID-19, national daily data"
Portugal,PT,PRT,10276617,2020-W14,2020-03-29,2020-04-04,6,,"TESSy COVID-19, national daily data"
Romania,RO,ROU,19414458,2020-W14,2020-03-29,2020-04-04,10,,"TESSy COVID-19, national weekly data"
Slovenia,SI,SVN,2080908,2020-W14,2020-03-29,2020-04-04,1,,"TESSy COVID-19, national weekly data"
Spain,ES,ESP,46937060,2020-W14,2020-03-29,2020-04-04,21,1,"TESSy COVID-19, national weekly data"
Sweden,SE,SWE,10230185,2020-W14,2020-03-29,2020-04-04,,2,
United Kingdom,UK,GBR,66647112,2020-W14,2020-03-29,2020-04-04,32,,
Belgium,BE,BEL,11455519,2020-W13,2020-03-22,2020-03-28,30,,"TESSy COVID-19, national weekly data"
Cyprus,CY,CYP,875899,2020-W13,2020-03-22,2020-03-28,6,1,"TESSy COVID-19, national daily data"
Czechia,CZ,CZE,10649800,2020-W13,2020-03-22,2020-03-28,3,0,"TESSy COVID-19, national weekly data"
Denmark,DK,DNK,5806081,2020-W13,2020-03-22,2020-03-28,9,,
Estonia,EE,EST,1324820,2020-W13,2020-03-22,2020-03-28,5,,"TESSy COVID-19, national daily data"
France,FR,FRA,67012883,2020-W13,2020-03-22,2020-03-28,,6,
Germany,DE,DEU,83019213,2020-W13,2020-03-22,2020-03-28,5,,"TESSy COVID-19, national daily data"
Greece,EL,GRC,10724599,2020-W13,2020-03-22,2020-03-28,,0,"TESSy COVID-19, national weekly data"
Ireland,IE,IRL,4904240,2020-W13,2020-03-22,2020-03-28,,0,
Latvia,LV,LVA,1919968,2020-W13,2020-03-22,2020-03-28,1,0,"TESSy COVID-19, national weekly data"
Netherlands,NL,NLD,17282163,2020-W13,2020-03-22,2020-03-28,,4,
Netherlands,NL,NLD,17282163,2020-W13,2020-03-22,2020-03-28,19,,"TESSy COVID-19, national daily data"
Portugal,PT,PRT,10276617,2020-W13,2020-03-22,2020-03-28,6,,"TESSy COVID-19, national daily data"
Romania,RO,ROU,19414458,2020-W13,2020-03-22,2020-03-28,7,,"TESSy COVID-19, national weekly data"
Slovenia,SI,SVN,2080908,2020-W13,2020-03-22,2020-03-28,3,,"TESSy COVID-19, national weekly data"
Spain,ES,ESP,46937060,2020-W13,2020-03-22,2020-03-28,35,2,"TESSy COVID-19, national weekly data"
Sweden,SE,SWE,10230185,2020-W13,2020-03-22,2020-03-28,,2,
United Kingdom,UK,GBR,66647112,2020-W13,2020-03-22,2020-03-28,20,,
Belgium,BE,BEL,11455519,2020-W12,2020-03-15,2020-03-21,13,,"TESSy COVID-19, national weekly data"
Cyprus,CY,CYP,875899,2020-W12,2020-03-15,2020-03-21,2,0,"TESSy COVID-19, national daily data"
Czechia,CZ,CZE,10649800,2020-W12,2020-03-15,2020-03-21,1,0,"TESSy COVID-19, national weekly data"
Denmark,DK,DNK,5806081,2020-W12,2020-03-15,2020-03-21,5,,
Estonia,EE,EST,1324820,2020-W12,2020-03-15,2020-03-21,2,,"TESSy COVID-19, national daily data"
France,FR,FRA,67012883,2020-W12,2020-03-15,2020-03-21,,1,
Germany,DE,DEU,83019213,2020-W12,2020-03-15,2020-03-21,2,,"TESSy COVID-19, national daily data"
Greece,EL,GRC,10724599,2020-W12,2020-03-15,2020-03-21,,0,"TESSy COVID-19, national weekly data"
Latvia,LV,LVA,1919968,2020-W12,2020-03-15,2020-03-21,0,0,"TESSy COVID-19, national weekly data"
Netherlands,NL,NLD,17282163,2020-W12,2020-03-15,2020-03-21,,2,
Netherlands,NL,NLD,17282163,2020-W12,2020-03-15,2020-03-21,10,,"TESSy COVID-19, national daily data"
Portugal,PT,PRT,10276617,2020-W12,2020-03-15,2020-03-21,4,,"TESSy COVID-19, national daily data"
Romania,RO,ROU,19414458,2020-W12,2020-03-15,2020-03-21,,,"TESSy COVID-19, national weekly data"
Slovenia,SI,SVN,2080908,2020-W12,2020-03-15,2020-03-21,2,,"TESSy COVID-19, national weekly data"
Spain,ES,ESP,46937060,2020-W12,2020-03-15,2020-03-21,49,4,"TESSy COVID-19, national weekly data"
Sweden,SE,SWE,10230185,2020-W12,2020-03-15,2020-03-21,,0,
United Kingdom,UK,GBR,66647112,2020-W12,2020-03-15,2020-03-21,4,,
Belgium,BE,BEL,11455519,2020-W11,2020-03-08,2020-03-14,13,,"TESSy COVID-19, national weekly data"
Cyprus,CY,CYP,875899,2020-W11,2020-03-08,2020-03-14,1,,"TESSy COVID-19, national daily data"
Czechia,CZ,CZE,10649800,2020-W11,2020-03-08,2020-03-14,0,0,"TESSy COVID-19, national weekly data"
Denmark,DK,DNK,5806081,2020-W11,2020-03-08,2020-03-14,2,,
Estonia,EE,EST,1324820,2020-W11,2020-03-08,2020-03-14,0,,"TESSy COVID-19, national daily data"
Germany,DE,DEU,83019213,2020-W11,2020-03-08,2020-03-14,1,,"TESSy COVID-19, national daily data"
Greece,EL,GRC,10724599,2020-W11,2020-03-08,2020-03-14,,0,"TESSy COVID-19, national weekly data"
Latvia,LV,LVA,1919968,2020-W11,2020-03-08,2020-03-14,0,0,"TESSy COVID-19, national weekly data"
Netherlands,NL,NLD,17282163,2020-W11,2020-03-08,2020-03-14,2,,"TESSy COVID-19, national daily data"
Netherlands,NL,NLD,17282163,2020-W11,2020-03-08,2020-03-14,,0,
Portugal,PT,PRT,10276617,2020-W11,2020-03-08,2020-03-14,1,,"TESSy COVID-19, national daily data"
Romania,RO,ROU,19414458,2020-W11,2020-03-08,2020-03-14,0,,"TESSy COVID-19, national weekly data"
Slovenia,SI,SVN,2080908,2020-W11,2020-03-08,2020-03-14,2,,"TESSy COVID-19, national weekly data"
Spain,ES,ESP,46937060,2020-W11,2020-03-08,2020-03-14,38,4,"TESSy COVID-19, national weekly data"
Sweden,SE,SWE,10230185,2020-W11,2020-03-08,2020-03-14,,0,
United Kingdom,UK,GBR,66647112,2020-W11,2020-03-08,2020-03-14,0,,
Belgium,BE,BEL,11455519,2020-W10,2020-03-01,2020-03-07,,,"TESSy COVID-19, national weekly data"
Cyprus,CY,CYP,875899,2020-W10,2020-03-01,2020-03-07,0,,"TESSy COVID-19, national daily data"
Czechia,CZ,CZE,10649800,2020-W10,2020-03-01,2020-03-07,0,0,"TESSy COVID-19, national weekly data"
Denmark,DK,DNK,5806081,2020-W10,2020-03-01,2020-03-07,0,,
Germany,DE,DEU,83019213,2020-W10,2020-03-01,2020-03-07,0,,"TESSy COVID-19, national daily data"
Greece,EL,GRC,10724599,2020-W10,2020-03-01,2020-03-07,,0,"TESSy COVID-19, national weekly data"
Latvia,LV,LVA,1919968,2020-W10,2020-03-01,2020-03-07,0,0,"TESSy COVID-19, national weekly data"
Netherlands,NL,NLD,17282163,2020-W10,2020-03-01,2020-03-07,0,,"TESSy COVID-19, national daily data"
Netherlands,NL,NLD,17282163,2020-W10,2020-03-01,2020-03-07,,0,
Portugal,PT,PRT,10276617,2020-W10,2020-03-01,2020-03-07,0,,"TESSy COVID-19, national daily data"
Romania,RO,ROU,19414458,2020-W10,2020-03-01,2020-03-07,0,,"TESSy COVID-19, national weekly data"
Slovenia,SI,SVN,2080908,2020-W10,2020-03-01,2020-03-07,0,,"TESSy COVID-19, national weekly data"
Spain,ES,ESP,46937060,2020-W10,2020-03-01,2020-03-07,10,1,"TESSy COVID-19, national weekly data"
Sweden,SE,SWE,10230185,2020-W10,2020-03-01,2020-03-07,,0,
United Kingdom,UK,GBR,66647112,2020-W10,2020-03-01,2020-03-07,0,,
Belgium,BE,BEL,11455519,2020-W09,2020-02-23,2020-02-29,,,"TESSy COVID-19, national weekly data"
Czechia,CZ,CZE,10649800,2020-W09,2020-02-23,2020-02-29,0,0,"TESSy COVID-19, national weekly data"
Denmark,DK,DNK,5806081,2020-W09,2020-02-23,2020-02-29,0,,
Estonia,EE,EST,1324820,2020-W09,2020-02-23,2020-02-29,0,,"TESSy COVID-19, national daily data"
Germany,DE,DEU,83019213,2020-W09,2020-02-23,2020-02-29,0,,"TESSy COVID-19, national daily data"
Greece,EL,GRC,10724599,2020-W09,2020-02-23,2020-02-29,,0,"TESSy COVID-19, national weekly data"
Latvia,LV,LVA,1919968,2020-W09,2020-02-23,2020-02-29,0,0,"TESSy COVID-19, national weekly data"
Netherlands,NL,NLD,17282163,2020-W09,2020-02-23,2020-02-29,,0,
Netherlands,NL,NLD,17282163,2020-W09,2020-02-23,2020-02-29,0,,"TESSy COVID-19, national daily data"
Portugal,PT,PRT,10276617,2020-W09,2020-02-23,2020-02-29,0,,"TESSy COVID-19, national daily data"
Romania,RO,ROU,19414458,2020-W09,2020-02-23,2020-02-29,0,,"TESSy COVID-19, national weekly data"
Slovenia,SI,SVN,2080908,2020-W09,2020-02-23,2020-02-29,0,,"TESSy COVID-19, national weekly data"
Spain,ES,ESP,46937060,2020-W09,2020-02-23,2020-02-29,2,0,"TESSy COVID-19, national weekly data"
Sweden,SE,SWE,10230185,2020-W09,2020-02-23,2020-02-29,,0,
United Kingdom,UK,GBR,66647112,2020-W09,2020-02-23,2020-02-29,0,,
Belgium,BE,BEL,11455519,2020-W08,2020-02-16,2020-02-22,,,"TESSy COVID-19, national weekly data"
Czechia,CZ,CZE,10649800,2020-W08,2020-02-16,2020-02-22,0,0,"TESSy COVID-19, national weekly data"
Germany,DE,DEU,83019213,2020-W08,2020-02-16,2020-02-22,0,,"TESSy COVID-19, national daily data"
Greece,EL,GRC,10724599,2020-W08,2020-02-16,2020-02-22,,0,"TESSy COVID-19, national weekly data"
Latvia,LV,LVA,1919968,2020-W08,2020-02-16,2020-02-22,0,0,"TESSy COVID-19, national weekly data"
Netherlands,NL,NLD,17282163,2020-W08,2020-02-16,2020-02-22,0,,"TESSy COVID-19, national daily data"
Portugal,PT,PRT,10276617,2020-W08,2020-02-16,2020-02-22,0,,"TESSy COVID-19, national daily data"
Slovenia,SI,SVN,2080908,2020-W08,2020-02-16,2020-02-22,0,,"TESSy COVID-19, national weekly data"
Spain,ES,ESP,46937060,2020-W08,2020-02-16,2020-02-22,0,0,"TESSy COVID-19, national weekly data"
Sweden,SE,SWE,10230185,2020-W08,2020-02-16,2020-02-22,,0,
Belgium,BE,BEL,11455519,2020-W07,2020-02-09,2020-02-15,,,"TESSy COVID-19, national weekly data"
Czechia,CZ,CZE,10649800,2020-W07,2020-02-09,2020-02-15,0,0,"TESSy COVID-19, national weekly data"
Germany,DE,DEU,83019213,2020-W07,2020-02-09,2020-02-15,0,,"TESSy COVID-19, national daily data"
Greece,EL,GRC,10724599,2020-W07,2020-02-09,2020-02-15,,0,"TESSy COVID-19, national weekly data"
Latvia,LV,LVA,1919968,2020-W07,2020-02-09,2020-02-15,0,0,"TESSy COVID-19, national weekly data"
Netherlands,NL,NLD,17282163,2020-W07,2020-02-09,2020-02-15,0,,"TESSy COVID-19, national daily data"
Portugal,PT,PRT,10276617,2020-W07,2020-02-09,2020-02-15,0,,"TESSy COVID-19, national daily data"
Slovenia,SI,SVN,2080908,2020-W07,2020-02-09,2020-02-15,0,,"TESSy COVID-19, national weekly data"
Spain,ES,ESP,46937060,2020-W07,2020-02-09,2020-02-15,0,0,"TESSy COVID-19, national weekly data"
Sweden,SE,SWE,10230185,2020-W07,2020-02-09,2020-02-15,,0,
Belgium,BE,BEL,11455519,2020-W06,2020-02-02,2020-02-08,,,"TESSy COVID-19, national weekly data"
Czechia,CZ,CZE,10649800,2020-W06,2020-02-02,2020-02-08,0,0,"TESSy COVID-19, national weekly data"
Germany,DE,DEU,83019213,2020-W06,2020-02-02,2020-02-08,0,,"TESSy COVID-19, national daily data"
Greece,EL,GRC,10724599,2020-W06,2020-02-02,2020-02-08,,0,"TESSy COVID-19, national weekly data"
Latvia,LV,LVA,1919968,2020-W06,2020-02-02,2020-02-08,0,0,"TESSy COVID-19, national weekly data"
Netherlands,NL,NLD,17282163,2020-W06,2020-02-02,2020-02-08,0,,"TESSy COVID-19, national daily data"
Portugal,PT,PRT,10276617,2020-W06,2020-02-02,2020-02-08,0,,"TESSy COVID-19, national daily data"
Slovenia,SI,SVN,2080908,2020-W06,2020-02-02,2020-02-08,0,,"TESSy COVID-19, national weekly data"
Spain,ES,ESP,46937060,2020-W06,2020-02-02,2020-02-08,0,0,"TESSy COVID-19, national weekly data"
Sweden,SE,SWE,10230185,2020-W06,2020-02-02,2020-02-08,,0,
Cyprus,CY,CYP,875899,2020-W05,2020-01-26,2020-02-01,0,,"TESSy COVID-19, national daily data"
Czechia,CZ,CZE,10649800,2020-W05,2020-01-26,2020-02-01,0,0,"TESSy COVID-19, national weekly data"
Germany,DE,DEU,83019213,2020-W05,2020-01-26,2020-02-01,0,,"TESSy COVID-19, national daily data"
Greece,EL,GRC,10724599,2020-W05,2020-01-26,2020-02-01,,0,"TESSy COVID-19, national weekly data"
Latvia,LV,LVA,1919968,2020-W05,2020-01-26,2020-02-01,0,0,"TESSy COVID-19, national weekly data"
Netherlands,NL,NLD,17282163,2020-W05,2020-01-26,2020-02-01,0,,"TESSy COVID-19, national daily data"
Portugal,PT,PRT,10276617,2020-W05,2020-01-26,2020-02-01,0,,"TESSy COVID-19, national daily data"
Slovenia,SI,SVN,2080908,2020-W05,2020-01-26,2020-02-01,0,,"TESSy COVID-19, national weekly data"
Spain,ES,ESP,46937060,2020-W05,2020-01-26,2020-02-01,0,0,"TESSy COVID-19, national weekly data"
